<?xml version='1.0' encoding='UTF-8'?>
<!DOCTYPE Plugin PUBLIC "sailpoint.dtd" "sailpoint.dtd">
<Plugin certificationLevel="None" displayName="Validated Access Request" minSystemVersion="8.0" name="validateAccessRequest" position="1" version="1.0">
  <Attributes>
    <Map>
     <entry key="restResources">
        <value>
          <List>
            <String>com.validateaccessreq.resource.ValidateAccessReqResource</String>
          </List>
        </value>
      </entry>
      <entry key="snippets">
        <value>
          <List>
            <Snippet regexPattern=".*\/accessRequest\/accessRequest.jsf*">
              <Scripts>
                <String>ui/js/snippets/validateAccessRequestWithReviewBtn.js</String>
              </Scripts>
            </Snippet>
          </List>
        </value>
      </entry>
    </Map>
  </Attributes>
</Plugin>